<?xml version="1.0" encoding="UTF-8"?>
<beans xmlns="http://www.springframework.org/schema/beans"
	xmlns:xsi="http://www.w3.org/2001/XMLSchema-instance"
	xmlns:context="http://www.springframework.org/schema/context"
	xsi:schemaLocation="http://www.springframework.org/schema/beans http://www.springframework.org/schema/beans/spring-beans.xsd
		http://www.springframework.org/schema/context http://www.springframework.org/schema/context/spring-context-4.3.xsd">
		<context:annotation-config></context:annotation-config>
        <bean id="emp" class="com.cg.spring.core.Employee" init-method="init" destroy-method="destroyBean">
        <constructor-arg name="id" value="123"/>
        <constructor-arg name="name" value="vaishnavi"/>
        <constructor-arg name="salary" value="15000"/>
        </bean>
        <bean id="emp1" class="com.cg.spring.core.Manager">
        <property name="deptno" value="1011"></property>
        <property name="projectName" value="HSBC"></property>
        <property name="projectCode" value="100123456"></property>
        </bean>
        <bean id="c" class="com.cg.spring.core.beans.Customer" autowire="byName">
        <property name="firstname" value="Vaishnavi"></property>
        <property name="lastname" value="Dingari"></property>
        <property name="List">
        <list>
        <ref bean="addr"/>
        <ref bean="addr1"/>
        </list>
        </property>
        <property name="set">
        <set>
        <ref bean="addr"/>
        <ref bean="addr1"/>
        </set>
        </property>
        <property name="Map">
        <map>
        <entry key="1" value-ref="addr"></entry>
         <entry key="2" value-ref="addr1"></entry>
        </map>
        </property>
       <!--   <property name="addr" ref="a"></property>-->
        </bean>
        <bean id="addr" class="com.cg.spring.core.beans.Address">
        <constructor-arg name="city" value="Hyderabad"/>
        <constructor-arg name="state" value="Telangana"/>
        </bean>
         <bean id="addr1" class="com.cg.spring.core.beans.Address">
        <constructor-arg name="city" value="Vizag"/>
        <constructor-arg name="state" value="Andhra Pradesh"/>
        </bean>
</beans>